{
  "Landing Page":{
    "0":"\/homepage",
    "1":"\/guest-blog\/blog-1",
    "2":"\/tutorials\/tutorial-2",
    "3":"\/guest-blog\/blog-3",
    "4":"\/guest-blog\/blog-2",
    "5":"\/case-studies\/company-1",
    "6":"\/case-studies\/company-2",
    "7":"\/tutorials\/tutorial-3",
    "8":"\/case-studies\/company-3",
    "9":"\/tutorials\/tutorial-1",
    "10":"\/tutorials\/tutorial-4",
    "11":"\/case-studies\/company-4",
    "12":"\/tutorials\/tutorial-7",
    "13":"\/tutorials\/tutorial-5",
    "14":"\/tutorials\/tutorial-6",
    "15":"\/tutorials\/tutorial-8",
    "16":"\/tutorials\/tutorial-9",
    "17":"\/tutorials\/tutorial-10",
    "18":"\/case-studies\/company-5",
    "19":"\/guest-blog\/blog-4",
    "20":"\/tutorials\/tutorial-11",
    "21":"\/case-studies\/company-6",
    "22":"\/case-studies\/company-7",
    "23":"\/tutorials\/tutorial-12",
    "24":"\/tutorials\/tutorial-13",
    "25":"\/case-studies\/company-8",
    "26":"\/case-studies\/company-9",
    "27":"\/tutorials\/tutorial-14"
  },
  "Page Views":{
    "0":13688,
    "1":8993,
    "2":5247,
    "3":1034,
    "4":954,
    "5":852,
    "6":607,
    "7":573,
    "8":475,
    "9":267,
    "10":249,
    "11":240,
    "12":158,
    "13":149,
    "14":145,
    "15":142,
    "16":139,
    "17":135,
    "18":132,
    "19":131,
    "20":127,
    "21":125,
    "22":124,
    "23":121,
    "24":120,
    "25":117,
    "26":115,
    "27":115
  },
  "Avg Session Duration":{
    "0":241.1945927,
    "1":87.92251816,
    "2":41.90121951,
    "3":48.80154639,
    "4":103.1604096,
    "5":55.76676385,
    "6":192.5420561,
    "7":79.2037037,
    "8":64.90625,
    "9":87.52739726,
    "10":1333.733333,
    "11":87.59770115,
    "12":63.48051948,
    "13":549.5,
    "14":5210.5,
    "15":375.9032258,
    "16":432.5,
    "17":46.2345679,
    "18":108.2916667,
    "19":123.4153846,
    "20":41.35211268,
    "21":584.3333333,
    "22":35.38043478,
    "23":213.1666667,
    "24":2934.0,
    "25":2913.0,
    "26":2933.0,
    "27":2957.0
  },
  "Bounce Rate":{
    "0":35.25435788,
    "1":69.00726392,
    "2":80.48780488,
    "3":63.65979381,
    "4":62.79863481,
    "5":74.9271137,
    "6":66.82242991,
    "7":74.44444444,
    "8":86.25,
    "9":70.54794521,
    "10":26.66666667,
    "11":60.91954023,
    "12":74.02597403,
    "13":31.25,
    "14":0.0,
    "15":51.61290323,
    "16":50.0,
    "17":83.95061728,
    "18":37.5,
    "19":72.30769231,
    "20":81.69014085,
    "21":66.66666667,
    "22":86.95652174,
    "23":16.66666667,
    "24":0.0,
    "25":0.0,
    "26":0.0,
    "27":0.0
  }
}